minute,charge_flag_bf,discharge_flag_bf
0,0,0
1,0,0
2,0,0
3,0,0
4,0,0
5,0,0
6,0,0
7,0,0
8,0,0
9,0,0
10,0,0
11,0,0
12,0,0
13,0,0
14,0,0
15,0,0
16,0,0
17,0,0
18,0,0
19,0,0
20,0,0
21,0,0
22,0,0
23,0,0
24,0,0
25,0,0
26,0,0
27,0,0
28,0,0
29,0,0
30,0,0
31,0,0
32,0,0
33,0,0
34,0,0
35,0,0
36,0,0
37,0,0
38,0,0
39,0,0
40,0,0
41,0,0
42,0,0
43,0,0
44,0,0
45,0,0
46,0,0
47,0,0
48,0,0
49,0,0
50,0,0
51,0,0
52,0,0
53,0,0
54,0,0
55,0,0
56,0,0
57,0,0
58,0,0
59,0,0
60,0,0
61,0,0
62,0,0
63,0,0
64,0,0
65,0,0
66,0,0
67,0,0
68,0,0
69,0,0
70,0,0
71,0,0
72,0,0
73,0,0
74,0,0
75,0,0
76,0,0
77,0,0
78,0,0
79,0,0
80,0,0
81,0,0
82,0,0
83,0,0
84,0,0
85,0,0
86,0,0
87,0,0
88,0,0
89,0,0
90,0,0
91,0,0
92,0,0
93,0,0
94,0,0
95,0,0
96,0,0
97,0,0
98,0,0
99,0,0
100,0,0
101,0,0
102,0,0
103,0,0
104,0,0
105,0,0
106,0,0
107,0,0
108,0,0
109,0,0
110,0,0
111,0,0
112,0,0
113,0,0
114,0,0
115,0,0
116,0,0
117,0,0
118,0,0
119,0,0
120,0,0
121,0,0
122,0,0
123,0,0
124,0,0
125,0,0
126,0,0
127,0,0
128,0,0
129,0,0
130,0,0
131,0,0
132,0,0
133,0,0
134,0,0
135,0,0
136,0,0
137,0,0
138,0,0
139,0,0
140,0,0
141,0,0
142,0,0
143,0,0
144,0,0
145,0,0
146,0,0
147,0,0
148,0,0
149,0,0
150,0,0
151,0,0
152,0,0
153,0,0
154,0,0
155,0,0
156,0,0
157,0,0
158,0,0
159,0,0
160,0,0
161,0,0
162,0,0
163,0,0
164,0,0
165,0,0
166,0,0
167,0,0
168,0,0
169,0,0
170,0,0
171,0,0
172,0,0
173,0,0
174,0,0
175,0,0
176,0,0
177,0,0
178,0,0
179,0,0
180,0,0
181,0,0
182,0,0
183,0,0
184,0,0
185,0,0
186,0,0
187,0,0
188,0,0
189,0,0
190,0,0
191,0,0
192,50,0
193,50,0
194,50,0
195,50,0
196,50,0
197,50,0
198,50,0
199,50,0
200,50,0
201,50,0
202,50,0
203,50,0
204,50,0
205,50,0
206,50,0
207,50,0
208,50,0
209,50,0
210,0,0
211,0,50
212,0,50
213,0,50
214,0,50
215,0,50
216,0,50
217,0,50
218,0,50
219,0,50
220,0,50
221,0,0
222,0,0
223,0,0
224,0,0
225,0,0
226,0,0
227,0,0
228,0,0
229,0,0
230,0,0
231,0,0
232,0,0
233,0,0
234,0,0
235,0,0
236,0,0
237,0,0
238,0,0
239,0,0
240,0,0
241,0,0
242,0,0
243,0,0
244,0,0
245,0,0
246,0,0
247,0,0
248,0,0
249,0,0
250,0,0
251,0,0
252,0,0
253,0,0
254,0,0
255,0,0
256,0,0
257,0,0
258,0,0
259,0,0
260,0,0
261,0,0
262,0,0
263,0,0
264,0,0
265,0,0
266,0,0
267,0,0
268,0,0
269,0,0
270,0,0
271,0,0
272,0,0
273,0,0
274,0,0
275,0,0
276,0,0
277,0,0
278,0,0
279,0,0
280,0,0
281,0,0
282,0,0
283,0,0
284,0,0
285,0,0
286,0,0
287,0,0
288,0,0
289,0,0
290,0,0
291,0,0
292,0,0
293,0,0
294,0,0
295,0,0
296,0,0
297,0,0
298,0,0
299,0,0
300,0,0
301,0,0
302,0,0
303,0,0
304,0,0
305,0,0
306,0,0
307,0,0
308,0,0
309,0,0
310,0,0
311,0,0
312,0,0
313,0,0
314,0,0
315,0,0
316,0,0
317,0,0
318,0,0
319,0,0
320,0,0
321,0,0
322,0,0
323,0,0
324,0,0
325,0,0
326,0,0
327,0,0
328,0,0
329,0,0
330,0,0
331,0,0
332,0,0
333,0,0
334,0,0
335,0,0
336,0,0
337,0,0
338,0,0
339,0,0
340,0,0
341,0,0
342,0,0
343,0,0
344,0,0
345,0,0
346,0,0
347,0,0
348,0,0
349,0,0
350,0,0
351,0,0
352,0,0
353,0,0
354,0,0
355,0,0
356,0,0
357,0,0
358,0,0
359,0,0
360,0,0
361,0,0
362,0,0
363,0,0
364,0,0
365,0,0
366,0,0
367,0,0
368,0,0
369,0,0
370,0,0
371,0,0
372,0,0
373,0,0
374,0,0
375,0,0
376,0,0
377,0,0
378,0,0
379,50,0
380,50,0
381,50,0
382,50,0
383,50,0
384,50,0
385,50,0
386,50,0
387,0,0
388,0,50
389,0,50
390,0,50
391,0,50
392,50,0
393,50,0
394,50,0
395,50,0
396,50,0
397,50,0
398,50,0
399,50,0
400,50,0
401,50,0
402,50,0
403,50,0
404,50,0
405,50,0
406,50,0
407,50,0
408,50,0
409,50,0
410,50,0
411,50,0
412,0,50
413,0,50
414,0,50
415,0,50
416,0,50
417,0,50
418,0,50
419,50,0
420,50,0
421,50,0
422,50,0
423,50,0
424,50,0
425,50,0
426,50,0
427,50,0
428,50,0
429,50,0
430,50,0
431,50,0
432,50,0
433,50,0
434,50,0
435,50,0
436,50,0
437,50,0
438,50,0
439,50,0
440,50,0
441,50,0
442,50,0
443,50,0
444,50,0
445,50,0
446,50,0
447,50,0
448,50,0
449,50,0
450,50,0
451,50,0
452,50,0
453,50,0
454,50,0
455,50,0
456,50,0
457,50,0
458,50,0
459,50,0
460,50,0
461,50,0
462,50,0
463,50,0
464,50,0
465,50,0
466,50,0
467,50,0
468,50,0
469,50,0
470,50,0
471,50,0
472,50,0
473,50,0
474,50,0
475,50,0
476,50,0
477,50,0
478,50,0
479,50,0
480,50,0
481,50,0
482,50,0
483,50,0
484,50,0
485,50,0
486,50,0
487,50,0
488,50,0
489,50,0
490,50,0
491,50,0
492,50,0
493,50,0
494,50,0
495,50,0
496,50,0
497,50,0
498,50,0
499,50,0
500,50,0
501,50,0
502,50,0
503,50,0
504,50,0
505,50,0
506,50,0
507,50,0
508,50,0
509,50,0
510,50,0
511,50,0
512,50,0
513,50,0
514,50,0
515,50,0
516,50,0
517,50,0
518,50,0
519,50,0
520,50,0
521,50,0
522,50,0
523,50,0
524,50,0
525,50,0
526,50,0
527,50,0
528,50,0
529,50,0
530,50,0
531,50,0
532,50,0
533,50,0
534,50,0
535,50,0
536,50,0
537,50,0
538,50,0
539,50,0
540,50,0
541,50,0
542,50,0
543,50,0
544,50,0
545,50,0
546,50,0
547,50,0
548,50,0
549,50,0
550,50,0
551,50,0
552,50,0
553,50,0
554,50,0
555,50,0
556,50,0
557,50,0
558,50,0
559,50,0
560,50,0
561,50,0
562,50,0
563,50,0
564,50,0
565,50,0
566,50,0
567,50,0
568,50,0
569,50,0
570,50,0
571,50,0
572,50,0
573,50,0
574,50,0
575,50,0
576,50,0
577,50,0
578,50,0
579,50,0
580,50,0
581,50,0
582,50,0
583,50,0
584,50,0
585,50,0
586,50,0
587,50,0
588,50,0
589,50,0
590,50,0
591,50,0
592,50,0
593,50,0
594,50,0
595,50,0
596,50,0
597,50,0
598,50,0
599,50,0
600,50,0
601,50,0
602,50,0
603,50,0
604,50,0
605,50,0
606,50,0
607,50,0
608,50,0
609,50,0
610,50,0
611,50,0
612,50,0
613,50,0
614,50,0
615,50,0
616,50,0
617,50,0
618,50,0
619,50,0
620,50,0
621,50,0
622,50,0
623,50,0
624,50,0
625,50,0
626,50,0
627,50,0
628,50,0
629,50,0
630,50,0
631,50,0
632,50,0
633,50,0
634,50,0
635,50,0
636,50,0
637,50,0
638,50,0
639,50,0
640,50,0
641,50,0
642,50,0
643,50,0
644,50,0
645,50,0
646,50,0
647,50,0
648,50,0
649,50,0
650,50,0
651,50,0
652,50,0
653,50,0
654,50,0
655,50,0
656,50,0
657,50,0
658,50,0
659,50,0
660,50,0
661,50,0
662,50,0
663,50,0
664,50,0
665,50,0
666,50,0
667,50,0
668,50,0
669,50,0
670,50,0
671,50,0
672,50,0
673,50,0
674,50,0
675,50,0
676,50,0
677,50,0
678,50,0
679,50,0
680,50,0
681,50,0
682,50,0
683,50,0
684,50,0
685,50,0
686,50,0
687,50,0
688,50,0
689,50,0
690,50,0
691,50,0
692,50,0
693,50,0
694,50,0
695,50,0
696,50,0
697,50,0
698,50,0
699,50,0
700,50,0
701,50,0
702,50,0
703,50,0
704,50,0
705,50,0
706,50,0
707,50,0
708,50,0
709,50,0
710,50,0
711,50,0
712,50,0
713,50,0
714,50,0
715,50,0
716,50,0
717,50,0
718,50,0
719,50,0
720,50,0
721,50,0
722,50,0
723,50,0
724,50,0
725,50,0
726,50,0
727,50,0
728,50,0
729,50,0
730,50,0
731,50,0
732,50,0
733,50,0
734,50,0
735,50,0
736,50,0
737,50,0
738,50,0
739,50,0
740,50,0
741,50,0
742,50,0
743,50,0
744,50,0
745,50,0
746,50,0
747,50,0
748,50,0
749,50,0
750,50,0
751,50,0
752,50,0
753,50,0
754,50,0
755,50,0
756,50,0
757,50,0
758,50,0
759,50,0
760,50,0
761,50,0
762,50,0
763,50,0
764,50,0
765,50,0
766,50,0
767,50,0
768,50,0
769,50,0
770,50,0
771,50,0
772,50,0
773,50,0
774,50,0
775,50,0
776,50,0
777,50,0
778,50,0
779,50,0
780,0,50
781,0,50
782,0,50
783,0,50
784,0,50
785,0,50
786,0,50
787,0,50
788,0,50
789,0,50
790,0,50
791,0,50
792,0,50
793,0,50
794,0,50
795,0,50
796,0,50
797,0,50
798,0,50
799,0,50
800,0,50
801,0,50
802,0,50
803,0,50
804,0,50
805,0,50
806,0,50
807,0,50
808,0,50
809,0,50
810,0,50
811,0,50
812,0,50
813,0,50
814,0,50
815,0,50
816,0,50
817,0,50
818,0,50
819,0,50
820,0,50
821,0,50
822,0,50
823,0,50
824,0,50
825,0,50
826,0,50
827,0,50
828,0,50
829,0,50
830,0,50
831,0,50
832,0,50
833,0,50
834,0,50
835,0,50
836,0,50
837,0,50
838,0,50
839,0,50
840,0,50
841,0,50
842,0,50
843,0,50
844,0,50
845,0,50
846,0,50
847,0,50
848,0,50
849,0,50
850,0,0
851,0,0
852,0,0
853,0,0
854,0,0
855,0,0
856,0,0
857,0,0
858,0,0
859,0,0
860,0,0
861,0,0
862,0,0
863,0,0
864,0,0
865,0,0
866,0,0
867,0,0
868,0,0
869,0,0
870,0,0
871,0,0
872,0,0
873,0,0
874,0,0
875,0,0
876,0,0
877,0,0
878,0,0
879,0,0
880,0,0
881,0,0
882,0,0
883,0,0
884,0,0
885,0,0
886,0,0
887,0,0
888,0,0
889,0,0
890,0,0
891,0,0
892,0,0
893,0,0
894,0,0
895,0,0
896,0,0
897,0,0
898,0,0
899,0,0
900,0,0
901,0,0
902,0,0
903,0,0
904,0,0
905,0,0
906,0,0
907,0,0
908,0,0
909,0,0
910,0,0
911,0,0
912,0,0
913,0,0
914,0,0
915,0,0
916,0,0
917,0,0
918,0,0
919,0,0
920,0,0
921,0,0
922,0,0
923,0,0
924,0,0
925,0,0
926,0,0
927,0,0
928,0,0
929,0,0
930,0,0
931,0,0
932,0,0
933,0,0
934,0,0
935,0,0
936,0,0
937,0,0
938,0,0
939,0,0
940,0,0
941,0,0
942,0,0
943,0,0
944,0,0
945,0,0
946,0,0
947,0,0
948,0,0
949,0,0
950,0,0
951,0,0
952,0,0
953,0,0
954,0,0
955,0,0
956,0,0
957,0,0
958,0,0
959,0,0
960,0,0
961,0,0
962,0,0
963,0,0
964,0,0
965,0,0
966,0,0
967,0,0
968,0,0
969,0,0
970,0,0
971,0,0
972,0,0
973,0,0
974,0,0
975,0,0
976,0,0
977,0,0
978,0,0
979,0,0
980,0,0
981,0,0
982,0,0
983,0,0
984,0,0
985,0,0
986,0,0
987,0,0
988,0,0
989,0,0
990,0,0
991,0,0
992,0,0
993,0,0
994,0,0
995,0,0
996,0,0
997,0,0
998,0,0
999,0,0
1000,0,0
1001,0,0
1002,0,0
1003,0,0
1004,0,0
1005,0,0
1006,0,0
1007,0,0
1008,0,0
1009,0,0
1010,0,0
1011,0,0
1012,0,0
1013,0,0
1014,0,0
1015,0,0
1016,0,0
1017,0,0
1018,0,0
1019,0,0
1020,0,0
1021,0,0
1022,0,0
1023,0,0
1024,0,0
1025,0,0
1026,0,0
1027,0,0
1028,0,0
1029,0,0
1030,0,0
1031,0,0
1032,0,0
1033,0,0
1034,0,0
1035,0,0
1036,0,0
1037,0,0
1038,0,0
1039,0,0
1040,0,0
1041,0,0
1042,0,0
1043,0,0
1044,0,0
1045,0,0
1046,0,0
1047,0,0
1048,0,0
1049,0,0
1050,0,0
1051,0,0
1052,0,0
1053,0,0
1054,0,0
1055,0,0
1056,0,0
1057,0,0
1058,0,0
1059,0,0
1060,0,0
1061,0,0
1062,0,0
1063,0,0
1064,0,0
1065,0,0
1066,0,0
1067,0,0
1068,0,0
1069,0,0
1070,0,0
1071,0,0
1072,0,0
1073,0,0
1074,0,0
1075,0,0
1076,0,0
1077,0,0
1078,0,0
1079,0,0
1080,0,0
1081,0,0
1082,0,0
1083,0,0
1084,0,0
1085,0,0
1086,0,0
1087,0,0
1088,0,0
1089,0,0
1090,0,0
1091,0,0
1092,0,0
1093,0,0
1094,0,0
1095,0,0
1096,0,0
1097,0,0
1098,0,0
1099,0,0
1100,0,0
1101,0,0
1102,0,0
1103,0,0
1104,0,0
1105,0,0
1106,0,0
1107,0,0
1108,0,0
1109,0,0
1110,0,0
1111,0,0
1112,0,0
1113,0,0
1114,0,0
1115,0,0
1116,0,0
1117,0,0
1118,0,0
1119,0,0
1120,0,0
1121,0,0
1122,0,0
1123,0,0
1124,0,0
1125,0,0
1126,0,0
1127,0,0
1128,0,0
1129,0,0
1130,0,0
1131,0,0
1132,0,0
1133,0,0
1134,0,0
1135,0,0
1136,0,0
1137,0,0
1138,0,0
1139,0,0
1140,0,0
1141,0,0
1142,0,0
1143,0,0
1144,0,0
1145,0,0
1146,0,0
1147,0,0
1148,0,0
1149,0,0
1150,0,0
1151,0,0
1152,0,0
1153,0,0
1154,0,0
1155,0,0
1156,0,0
1157,0,0
1158,0,0
1159,0,0
1160,0,0
1161,0,0
1162,0,0
1163,0,0
1164,0,0
1165,0,0
1166,0,0
1167,0,0
1168,0,0
1169,0,0
1170,0,0
1171,0,0
1172,0,0
1173,0,0
1174,0,0
1175,0,0
1176,0,0
1177,0,0
1178,0,0
1179,0,0
1180,0,0
1181,0,0
1182,0,0
1183,0,0
1184,0,0
1185,0,0
1186,0,0
1187,0,0
1188,0,0
1189,0,0
1190,0,0
1191,0,0
1192,0,0
1193,0,0
1194,0,0
1195,0,0
1196,0,0
1197,0,0
1198,0,0
1199,0,0
1200,0,0
1201,0,0
1202,0,0
1203,0,0
1204,0,0
1205,0,0
1206,0,0
1207,0,0
1208,0,0
1209,0,0
1210,0,0
1211,0,0
1212,0,0
1213,0,0
1214,0,0
1215,0,0
1216,0,0
1217,0,0
1218,0,0
1219,0,0
1220,0,0
1221,0,0
1222,0,0
1223,0,0
1224,0,0
1225,0,0
1226,0,0
1227,0,0
1228,0,0
1229,0,0
1230,0,0
1231,0,0
1232,0,0
1233,0,0
1234,0,0
1235,0,0
1236,0,0
1237,0,0
1238,0,0
1239,0,0
1240,0,0
1241,0,0
1242,0,0
1243,0,0
1244,0,0
1245,0,0
1246,0,0
1247,0,0
1248,0,0
1249,0,0
1250,0,0
1251,0,0
1252,0,0
1253,0,0
1254,0,0
1255,0,0
1256,0,0
1257,0,0
1258,0,0
1259,0,0
1260,0,0
1261,0,0
1262,0,0
1263,0,0
1264,0,0
1265,0,0
1266,0,0
1267,0,0
1268,0,0
1269,0,0
1270,0,0
1271,0,0
1272,0,0
1273,0,0
1274,0,0
1275,0,0
1276,0,0
1277,0,0
1278,0,0
1279,0,0
1280,0,0
1281,0,0
1282,0,0
1283,0,0
1284,0,0
1285,0,0
1286,0,0
1287,0,0
1288,0,0
1289,0,0
1290,0,0
1291,0,0
1292,0,0
1293,0,0
1294,0,0
1295,0,0
1296,0,0
1297,0,0
1298,0,0
1299,0,0
1300,0,0
1301,0,0
1302,0,0
1303,0,0
1304,0,0
1305,0,0
1306,0,0
1307,0,0
1308,0,0
1309,0,0
1310,0,0
1311,0,0
1312,0,0
1313,0,0
1314,0,0
1315,0,0
1316,0,0
1317,0,0
1318,0,0
1319,0,0
1320,0,0
1321,0,0
1322,0,0
1323,0,0
1324,0,0
1325,0,0
1326,0,0
1327,0,0
1328,0,0
1329,0,0
1330,0,0
1331,0,0
1332,0,0
1333,0,0
1334,0,0
1335,0,0
1336,0,0
1337,0,0
1338,0,0
1339,0,0
1340,0,0
1341,0,0
1342,0,0
1343,0,0
1344,0,0
1345,0,0
1346,0,0
1347,0,0
1348,0,0
1349,0,0
1350,0,0
1351,0,0
1352,0,0
1353,0,0
1354,0,0
1355,0,0
1356,0,0
1357,0,0
1358,0,0
1359,0,0
1360,0,0
1361,0,0
1362,0,0
1363,0,0
1364,0,0
1365,0,0
1366,0,0
1367,0,0
1368,0,0
1369,0,0
1370,0,0
1371,0,0
1372,0,0
1373,0,0
1374,0,0
1375,0,0
1376,0,0
1377,0,0
1378,0,0
1379,0,0
1380,0,0
1381,0,0
1382,0,0
1383,0,0
1384,0,0
1385,0,0
1386,0,0
1387,0,0
1388,0,0
1389,0,0
1390,0,0
1391,0,0
1392,0,0
1393,0,0
1394,0,0
1395,0,0
1396,0,0
1397,0,0
1398,0,0
1399,0,0
1400,0,0
1401,0,0
1402,0,0
1403,0,0
1404,0,0
1405,0,0
1406,0,0
1407,0,0
1408,0,0
1409,0,0
1410,0,0
1411,0,0
1412,0,0
1413,0,0
1414,0,0
1415,0,0
1416,0,0
1417,0,0
1418,0,0
1419,0,0
1420,0,0
1421,0,0
1422,0,0
1423,0,0
1424,0,0
1425,0,0
1426,0,0
1427,0,0
1428,0,0
1429,0,0
1430,0,0
1431,0,0
1432,0,0
1433,0,0
1434,0,0
1435,0,0
1436,0,0
1437,0,0
1438,0,0
1439,0,0
